,Area,Item,Year,hg/ha_yield,average_rain_fall_mm_per_year,pesticides_tonnes,avg_temp
95,Albania,Maize,2013,69533,1485.0,982.32,17.41
96,Albania,Potatoes,2013,260110,1485.0,982.32,17.41
97,Albania,Soybeans,2013,10000,1485.0,982.32,17.41
98,Albania,Wheat,2013,41292,1485.0,982.32,17.41
208,Algeria,Maize,2013,33649,89.0,17278.65,17.65
209,Algeria,Potatoes,2013,303218,89.0,17278.65,17.65
210,Algeria,"Rice, paddy",2013,17778,89.0,17278.65,17.65
211,Algeria,Sorghum,2013,60000,89.0,17278.65,17.65
212,Algeria,Wheat,2013,19100,89.0,17278.65,17.65
369,Angola,Cassava,2013,140517,1010.0,40.0,24.55
370,Angola,Maize,2013,9467,1010.0,40.0,24.55
371,Angola,Potatoes,2013,63303,1010.0,40.0,24.55
372,Angola,"Rice, paddy",2013,12744,1010.0,40.0,24.55
373,Angola,Sorghum,2013,2415,1010.0,40.0,24.55
374,Angola,Soybeans,2013,4405,1010.0,40.0,24.55
375,Angola,Sweet potatoes,2013,73409,1010.0,40.0,24.55
376,Angola,Wheat,2013,9022,1010.0,40.0,24.55
729,Argentina,Cassava,2013,99459,591.0,171945.54,16.45
730,Argentina,Cassava,2013,99459,591.0,171945.54,16.88
731,Argentina,Maize,2013,66037,591.0,171945.54,16.45
732,Argentina,Maize,2013,66037,591.0,171945.54,16.88
733,Argentina,Potatoes,2013,288984,591.0,171945.54,16.45
734,Argentina,Potatoes,2013,288984,591.0,171945.54,16.88
735,Argentina,"Rice, paddy",2013,67187,591.0,171945.54,16.45
736,Argentina,"Rice, paddy",2013,67187,591.0,171945.54,16.88
737,Argentina,Sorghum,2013,40852,591.0,171945.54,16.45
738,Argentina,Sorghum,2013,40852,591.0,171945.54,16.88
739,Argentina,Soybeans,2013,25391,591.0,171945.54,16.45
740,Argentina,Soybeans,2013,25391,591.0,171945.54,16.88
741,Argentina,Sweet potatoes,2013,147498,591.0,171945.54,16.45
742,Argentina,Sweet potatoes,2013,147498,591.0,171945.54,16.88
743,Argentina,Wheat,2013,26581,591.0,171945.54,16.45
744,Argentina,Wheat,2013,26581,591.0,171945.54,16.88
805,Armenia,Maize,2013,67114,562.0,278.72,11.08
806,Armenia,Potatoes,2013,215290,562.0,278.72,11.08
807,Armenia,Wheat,2013,31273,562.0,278.72,11.08
1732,Australia,Maize,2013,64441,534.0,45177.18,17.39
1733,Australia,Maize,2013,64441,534.0,45177.18,20.14
1734,Australia,Maize,2013,64441,534.0,45177.18,12.19
1735,Australia,Maize,2013,64441,534.0,45177.18,14.74
1736,Australia,Maize,2013,64441,534.0,45177.18,19.98
1737,Australia,Maize,2013,64441,534.0,45177.18,18.09
1738,Australia,Potatoes,2013,385434,534.0,45177.18,17.39
1739,Australia,Potatoes,2013,385434,534.0,45177.18,20.14
1740,Australia,Potatoes,2013,385434,534.0,45177.18,12.19
1741,Australia,Potatoes,2013,385434,534.0,45177.18,14.74
1742,Australia,Potatoes,2013,385434,534.0,45177.18,19.98
1743,Australia,Potatoes,2013,385434,534.0,45177.18,18.09
1744,Australia,"Rice, paddy",2013,102177,534.0,45177.18,17.39
1745,Australia,"Rice, paddy",2013,102177,534.0,45177.18,20.14
1746,Australia,"Rice, paddy",2013,102177,534.0,45177.18,12.19
1747,Australia,"Rice, paddy",2013,102177,534.0,45177.18,14.74
1748,Australia,"Rice, paddy",2013,102177,534.0,45177.18,19.98
1749,Australia,"Rice, paddy",2013,102177,534.0,45177.18,18.09
1750,Australia,Sorghum,2013,34419,534.0,45177.18,17.39
1751,Australia,Sorghum,2013,34419,534.0,45177.18,20.14
1752,Australia,Sorghum,2013,34419,534.0,45177.18,12.19
1753,Australia,Sorghum,2013,34419,534.0,45177.18,14.74
1754,Australia,Sorghum,2013,34419,534.0,45177.18,19.98
1755,Australia,Sorghum,2013,34419,534.0,45177.18,18.09
1756,Australia,Soybeans,2013,22336,534.0,45177.18,17.39
1757,Australia,Soybeans,2013,22336,534.0,45177.18,20.14
1758,Australia,Soybeans,2013,22336,534.0,45177.18,12.19
1759,Australia,Soybeans,2013,22336,534.0,45177.18,14.74
1760,Australia,Soybeans,2013,22336,534.0,45177.18,19.98
1761,Australia,Soybeans,2013,22336,534.0,45177.18,18.09
1762,Australia,Sweet potatoes,2013,344391,534.0,45177.18,17.39
1763,Australia,Sweet potatoes,2013,344391,534.0,45177.18,20.14
1764,Australia,Sweet potatoes,2013,344391,534.0,45177.18,12.19
1765,Australia,Sweet potatoes,2013,344391,534.0,45177.18,14.74
1766,Australia,Sweet potatoes,2013,344391,534.0,45177.18,19.98
1767,Australia,Sweet potatoes,2013,344391,534.0,45177.18,18.09
1768,Australia,Wheat,2013,17609,534.0,45177.18,17.39
1769,Australia,Wheat,2013,17609,534.0,45177.18,20.14
1770,Australia,Wheat,2013,17609,534.0,45177.18,12.19
1771,Australia,Wheat,2013,17609,534.0,45177.18,14.74
1772,Australia,Wheat,2013,17609,534.0,45177.18,19.98
1773,Australia,Wheat,2013,17609,534.0,45177.18,18.09
1865,Austria,Maize,2013,81173,1110.0,3108.6,10.03
1866,Austria,Potatoes,2013,285897,1110.0,3108.6,10.03
1867,Austria,Sorghum,2013,52447,1110.0,3108.6,10.03
1868,Austria,Soybeans,2013,19697,1110.0,3108.6,10.03
1869,Austria,Wheat,2013,53743,1110.0,3108.6,10.03
1980,Azerbaijan,Maize,2013,53903,447.0,489.8,14.12
1981,Azerbaijan,Potatoes,2013,151999,447.0,489.8,14.12
1982,Azerbaijan,"Rice, paddy",2013,22808,447.0,489.8,14.12
1983,Azerbaijan,Sorghum,2013,5000,447.0,489.8,14.12
1984,Azerbaijan,Soybeans,2013,6457,447.0,489.8,14.12
1985,Azerbaijan,Wheat,2013,26719,447.0,489.8,14.12
2049,Bahamas,Cassava,2013,221509,1292.0,268.2,25.88
2050,Bahamas,Maize,2013,74465,1292.0,268.2,25.88
2051,Bahamas,Plantains and others,2013,76928,1292.0,268.2,25.88
2052,Bahamas,Sweet potatoes,2013,34953,1292.0,268.2,25.88
2081,Bahrain,Potatoes,2013,179569,83.0,9.14,27.86
2362,Bangladesh,Maize,2013,65953,2666.0,15330.16,26.59
2363,Bangladesh,Maize,2013,65953,2666.0,15330.16,26.59
2364,Bangladesh,Potatoes,2013,193790,2666.0,15330.16,26.59
2365,Bangladesh,Potatoes,2013,193790,2666.0,15330.16,26.59
2366,Bangladesh,"Rice, paddy",2013,45317,2666.0,15330.16,26.59
2367,Bangladesh,"Rice, paddy",2013,45317,2666.0,15330.16,26.59
2368,Bangladesh,Sorghum,2013,11343,2666.0,15330.16,26.59
2369,Bangladesh,Sorghum,2013,11343,2666.0,15330.16,26.59
2370,Bangladesh,Soybeans,2013,14729,2666.0,15330.16,26.59
2371,Bangladesh,Soybeans,2013,14729,2666.0,15330.16,26.59
2372,Bangladesh,Sweet potatoes,2013,97019,2666.0,15330.16,26.59
2373,Bangladesh,Sweet potatoes,2013,97019,2666.0,15330.16,26.59
2374,Bangladesh,Wheat,2013,30138,2666.0,15330.16,26.59
2375,Bangladesh,Wheat,2013,30138,2666.0,15330.16,26.59
2436,Belarus,Maize,2013,55656,618.0,9163.51,7.83
2437,Belarus,Potatoes,2013,193536,618.0,9163.51,7.83
2438,Belarus,Wheat,2013,30610,618.0,9163.51,7.83
2475,Belgium,Maize,2013,111500,847.0,5905.6,10.36
2476,Belgium,Potatoes,2013,454642,847.0,5905.6,10.36
2477,Belgium,Wheat,2013,89349,847.0,5905.6,10.36
2540,Botswana,Maize,2013,849,416.0,17.0,18.69
2541,Botswana,Sorghum,2013,3168,416.0,17.0,18.69
4720,Brazil,Cassava,2013,140795,1761.0,367778.0,21.59
4721,Brazil,Cassava,2013,140795,1761.0,367778.0,20.07
4722,Brazil,Cassava,2013,140795,1761.0,367778.0,17.57
4723,Brazil,Cassava,2013,140795,1761.0,367778.0,17.57
4724,Brazil,Cassava,2013,140795,1761.0,367778.0,27.71
4725,Brazil,Cassava,2013,140795,1761.0,367778.0,20.07
4726,Brazil,Cassava,2013,140795,1761.0,367778.0,27.11
4727,Brazil,Cassava,2013,140795,1761.0,367778.0,17.84
4728,Brazil,Cassava,2013,140795,1761.0,367778.0,26.4
4729,Brazil,Cassava,2013,140795,1761.0,367778.0,25.19
4730,Brazil,Cassava,2013,140795,1761.0,367778.0,26.14
4731,Brazil,Maize,2013,52536,1761.0,367778.0,21.59
4732,Brazil,Maize,2013,52536,1761.0,367778.0,20.07
4733,Brazil,Maize,2013,52536,1761.0,367778.0,17.57
4734,Brazil,Maize,2013,52536,1761.0,367778.0,17.57
4735,Brazil,Maize,2013,52536,1761.0,367778.0,27.71
4736,Brazil,Maize,2013,52536,1761.0,367778.0,20.07
4737,Brazil,Maize,2013,52536,1761.0,367778.0,27.11
4738,Brazil,Maize,2013,52536,1761.0,367778.0,17.84
4739,Brazil,Maize,2013,52536,1761.0,367778.0,26.4
4740,Brazil,Maize,2013,52536,1761.0,367778.0,25.19
4741,Brazil,Maize,2013,52536,1761.0,367778.0,26.14
4742,Brazil,Potatoes,2013,277517,1761.0,367778.0,21.59
4743,Brazil,Potatoes,2013,277517,1761.0,367778.0,20.07
4744,Brazil,Potatoes,2013,277517,1761.0,367778.0,17.57
4745,Brazil,Potatoes,2013,277517,1761.0,367778.0,17.57
4746,Brazil,Potatoes,2013,277517,1761.0,367778.0,27.71
4747,Brazil,Potatoes,2013,277517,1761.0,367778.0,20.07
4748,Brazil,Potatoes,2013,277517,1761.0,367778.0,27.11
4749,Brazil,Potatoes,2013,277517,1761.0,367778.0,17.84
4750,Brazil,Potatoes,2013,277517,1761.0,367778.0,26.4
4751,Brazil,Potatoes,2013,277517,1761.0,367778.0,25.19
4752,Brazil,Potatoes,2013,277517,1761.0,367778.0,26.14
4753,Brazil,"Rice, paddy",2013,50071,1761.0,367778.0,21.59
4754,Brazil,"Rice, paddy",2013,50071,1761.0,367778.0,20.07
4755,Brazil,"Rice, paddy",2013,50071,1761.0,367778.0,17.57
4756,Brazil,"Rice, paddy",2013,50071,1761.0,367778.0,17.57
4757,Brazil,"Rice, paddy",2013,50071,1761.0,367778.0,27.71
4758,Brazil,"Rice, paddy",2013,50071,1761.0,367778.0,20.07
4759,Brazil,"Rice, paddy",2013,50071,1761.0,367778.0,27.11
4760,Brazil,"Rice, paddy",2013,50071,1761.0,367778.0,17.84
4761,Brazil,"Rice, paddy",2013,50071,1761.0,367778.0,26.4
4762,Brazil,"Rice, paddy",2013,50071,1761.0,367778.0,25.19
4763,Brazil,"Rice, paddy",2013,50071,1761.0,367778.0,26.14
4764,Brazil,Sorghum,2013,26817,1761.0,367778.0,21.59
4765,Brazil,Sorghum,2013,26817,1761.0,367778.0,20.07
4766,Brazil,Sorghum,2013,26817,1761.0,367778.0,17.57
4767,Brazil,Sorghum,2013,26817,1761.0,367778.0,17.57
4768,Brazil,Sorghum,2013,26817,1761.0,367778.0,27.71
4769,Brazil,Sorghum,2013,26817,1761.0,367778.0,20.07
4770,Brazil,Sorghum,2013,26817,1761.0,367778.0,27.11
4771,Brazil,Sorghum,2013,26817,1761.0,367778.0,17.84
4772,Brazil,Sorghum,2013,26817,1761.0,367778.0,26.4
4773,Brazil,Sorghum,2013,26817,1761.0,367778.0,25.19
4774,Brazil,Sorghum,2013,26817,1761.0,367778.0,26.14
4775,Brazil,Soybeans,2013,29285,1761.0,367778.0,21.59
4776,Brazil,Soybeans,2013,29285,1761.0,367778.0,20.07
4777,Brazil,Soybeans,2013,29285,1761.0,367778.0,17.57
4778,Brazil,Soybeans,2013,29285,1761.0,367778.0,17.57
4779,Brazil,Soybeans,2013,29285,1761.0,367778.0,27.71
4780,Brazil,Soybeans,2013,29285,1761.0,367778.0,20.07
4781,Brazil,Soybeans,2013,29285,1761.0,367778.0,27.11
4782,Brazil,Soybeans,2013,29285,1761.0,367778.0,17.84
4783,Brazil,Soybeans,2013,29285,1761.0,367778.0,26.4
4784,Brazil,Soybeans,2013,29285,1761.0,367778.0,25.19
4785,Brazil,Soybeans,2013,29285,1761.0,367778.0,26.14
4786,Brazil,Sweet potatoes,2013,130913,1761.0,367778.0,21.59
4787,Brazil,Sweet potatoes,2013,130913,1761.0,367778.0,20.07
4788,Brazil,Sweet potatoes,2013,130913,1761.0,367778.0,17.57
4789,Brazil,Sweet potatoes,2013,130913,1761.0,367778.0,17.57
4790,Brazil,Sweet potatoes,2013,130913,1761.0,367778.0,27.71
4791,Brazil,Sweet potatoes,2013,130913,1761.0,367778.0,20.07
4792,Brazil,Sweet potatoes,2013,130913,1761.0,367778.0,27.11
4793,Brazil,Sweet potatoes,2013,130913,1761.0,367778.0,17.84
4794,Brazil,Sweet potatoes,2013,130913,1761.0,367778.0,26.4
4795,Brazil,Sweet potatoes,2013,130913,1761.0,367778.0,25.19
4796,Brazil,Sweet potatoes,2013,130913,1761.0,367778.0,26.14
4797,Brazil,Wheat,2013,27491,1761.0,367778.0,21.59
4798,Brazil,Wheat,2013,27491,1761.0,367778.0,20.07
4799,Brazil,Wheat,2013,27491,1761.0,367778.0,17.57
4800,Brazil,Wheat,2013,27491,1761.0,367778.0,17.57
4801,Brazil,Wheat,2013,27491,1761.0,367778.0,27.71
4802,Brazil,Wheat,2013,27491,1761.0,367778.0,20.07
4803,Brazil,Wheat,2013,27491,1761.0,367778.0,27.11
4804,Brazil,Wheat,2013,27491,1761.0,367778.0,17.84
4805,Brazil,Wheat,2013,27491,1761.0,367778.0,26.4
4806,Brazil,Wheat,2013,27491,1761.0,367778.0,25.19
4807,Brazil,Wheat,2013,27491,1761.0,367778.0,26.14
4808,Brazil,Yams,2013,96078,1761.0,367778.0,21.59
4809,Brazil,Yams,2013,96078,1761.0,367778.0,20.07
4810,Brazil,Yams,2013,96078,1761.0,367778.0,17.57
4811,Brazil,Yams,2013,96078,1761.0,367778.0,17.57
4812,Brazil,Yams,2013,96078,1761.0,367778.0,27.71
4813,Brazil,Yams,2013,96078,1761.0,367778.0,20.07
4814,Brazil,Yams,2013,96078,1761.0,367778.0,27.11
4815,Brazil,Yams,2013,96078,1761.0,367778.0,17.84
4816,Brazil,Yams,2013,96078,1761.0,367778.0,26.4
4817,Brazil,Yams,2013,96078,1761.0,367778.0,25.19
4818,Brazil,Yams,2013,96078,1761.0,367778.0,26.14
4951,Bulgaria,Maize,2013,63943,608.0,1197.0,11.26
4952,Bulgaria,Potatoes,2013,146125,608.0,1197.0,11.26
4953,Bulgaria,"Rice, paddy",2013,54945,608.0,1197.0,11.26
4954,Bulgaria,Sorghum,2013,26792,608.0,1197.0,11.26
4955,Bulgaria,Soybeans,2013,17976,608.0,1197.0,11.26
4956,Bulgaria,Wheat,2013,41885,608.0,1197.0,11.26
5133,Burkina Faso,Cassava,2013,13594,748.0,843.0,29.41
5134,Burkina Faso,Maize,2013,17353,748.0,843.0,29.41
5135,Burkina Faso,Potatoes,2013,19481,748.0,843.0,29.41
5136,Burkina Faso,"Rice, paddy",2013,21993,748.0,843.0,29.41
5137,Burkina Faso,Sorghum,2013,10409,748.0,843.0,29.41
5138,Burkina Faso,Soybeans,2013,13512,748.0,843.0,29.41
5139,Burkina Faso,Sweet potatoes,2013,146793,748.0,843.0,29.41
5140,Burkina Faso,Yams,2013,58594,748.0,843.0,29.41
5339,Burundi,Cassava,2013,68749,1274.0,956.06,21.53
5340,Burundi,Maize,2013,13218,1274.0,956.06,21.53
5341,Burundi,Potatoes,2013,62252,1274.0,956.06,21.53
5342,Burundi,"Rice, paddy",2013,19130,1274.0,956.06,21.53
5343,Burundi,Sorghum,2013,6513,1274.0,956.06,21.53
5344,Burundi,Soybeans,2013,9554,1274.0,956.06,21.53
5345,Burundi,Sweet potatoes,2013,104528,1274.0,956.06,21.53
5346,Burundi,Wheat,2013,7276,1274.0,956.06,21.53
5347,Burundi,Yams,2013,79279,1274.0,956.06,21.53
5568,Cameroon,Cassava,2013,147894,1604.0,1372.47,25.45
5569,Cameroon,Maize,2013,19787,1604.0,1372.47,25.45
5570,Cameroon,Plantains and others,2013,119444,1604.0,1372.47,25.45
5571,Cameroon,Potatoes,2013,133560,1604.0,1372.47,25.45
5572,Cameroon,"Rice, paddy",2013,11641,1604.0,1372.47,25.45
5573,Cameroon,Sorghum,2013,15074,1604.0,1372.47,25.45
5574,Cameroon,Soybeans,2013,13228,1604.0,1372.47,25.45
5575,Cameroon,Sweet potatoes,2013,54288,1604.0,1372.47,25.45
5576,Cameroon,Wheat,2013,12879,1604.0,1372.47,25.45
5577,Cameroon,Yams,2013,103844,1604.0,1372.47,25.45
6106,Canada,Maize,2013,95878,537.0,81659.8,9.19
6107,Canada,Maize,2013,95878,537.0,81659.8,10.11
6108,Canada,Maize,2013,95878,537.0,81659.8,7.86
6109,Canada,Maize,2013,95878,537.0,81659.8,7.08
6110,Canada,Maize,2013,95878,537.0,81659.8,8.46
6111,Canada,Maize,2013,95878,537.0,81659.8,9.85
6112,Canada,Potatoes,2013,132270,537.0,81659.8,9.19
6113,Canada,Potatoes,2013,132270,537.0,81659.8,10.11
6114,Canada,Potatoes,2013,132270,537.0,81659.8,7.86
6115,Canada,Potatoes,2013,132270,537.0,81659.8,7.08
6116,Canada,Potatoes,2013,132270,537.0,81659.8,8.46
6117,Canada,Potatoes,2013,132270,537.0,81659.8,9.85
6118,Canada,Soybeans,2013,28810,537.0,81659.8,9.19
6119,Canada,Soybeans,2013,28810,537.0,81659.8,10.11
6120,Canada,Soybeans,2013,28810,537.0,81659.8,7.86
6121,Canada,Soybeans,2013,28810,537.0,81659.8,7.08
6122,Canada,Soybeans,2013,28810,537.0,81659.8,8.46
6123,Canada,Soybeans,2013,28810,537.0,81659.8,9.85
6124,Canada,Wheat,2013,35943,537.0,81659.8,9.19
6125,Canada,Wheat,2013,35943,537.0,81659.8,10.11
6126,Canada,Wheat,2013,35943,537.0,81659.8,7.86
6127,Canada,Wheat,2013,35943,537.0,81659.8,7.08
6128,Canada,Wheat,2013,35943,537.0,81659.8,8.46
6129,Canada,Wheat,2013,35943,537.0,81659.8,9.85
6284,Central African Republic,Cassava,2013,28375,1342.0,22.87,25.69
6285,Central African Republic,Maize,2013,12446,1342.0,22.87,25.69
6286,Central African Republic,Plantains and others,2013,28626,1342.0,22.87,25.69
6287,Central African Republic,Potatoes,2013,11818,1342.0,22.87,25.69
6288,Central African Republic,"Rice, paddy",2013,18665,1342.0,22.87,25.69
6289,Central African Republic,Sorghum,2013,10529,1342.0,22.87,25.69
6290,Central African Republic,Yams,2013,78333,1342.0,22.87,25.69
6511,Chile,Maize,2013,106321,1522.0,9830.72,13.07
6512,Chile,Maize,2013,106321,1522.0,9830.72,5.94
6513,Chile,Potatoes,2013,233767,1522.0,9830.72,13.07
6514,Chile,Potatoes,2013,233767,1522.0,9830.72,5.94
6515,Chile,"Rice, paddy",2013,62051,1522.0,9830.72,13.07
6516,Chile,"Rice, paddy",2013,62051,1522.0,9830.72,5.94
6517,Chile,Sweet potatoes,2013,107692,1522.0,9830.72,13.07
6518,Chile,Sweet potatoes,2013,107692,1522.0,9830.72,5.94
6519,Chile,Wheat,2013,58143,1522.0,9830.72,13.07
6520,Chile,Wheat,2013,58143,1522.0,9830.72,5.94
6917,Colombia,Cassava,2013,99633,3240.0,54563.38,27.6
6918,Colombia,Cassava,2013,99633,3240.0,54563.38,22.85
6919,Colombia,Maize,2013,28246,3240.0,54563.38,27.6
6920,Colombia,Maize,2013,28246,3240.0,54563.38,22.85
6921,Colombia,Plantains and others,2013,84230,3240.0,54563.38,27.6
6922,Colombia,Plantains and others,2013,84230,3240.0,54563.38,22.85
6923,Colombia,Potatoes,2013,185619,3240.0,54563.38,27.6
6924,Colombia,Potatoes,2013,185619,3240.0,54563.38,22.85
6925,Colombia,"Rice, paddy",2013,38371,3240.0,54563.38,27.6
6926,Colombia,"Rice, paddy",2013,38371,3240.0,54563.38,22.85
6927,Colombia,Sorghum,2013,32034,3240.0,54563.38,27.6
6928,Colombia,Sorghum,2013,32034,3240.0,54563.38,22.85
6929,Colombia,Soybeans,2013,27250,3240.0,54563.38,27.6
6930,Colombia,Soybeans,2013,27250,3240.0,54563.38,22.85
6931,Colombia,Wheat,2013,16938,3240.0,54563.38,27.6
6932,Colombia,Wheat,2013,16938,3240.0,54563.38,22.85
6933,Colombia,Yams,2013,109992,3240.0,54563.38,27.6
6934,Colombia,Yams,2013,109992,3240.0,54563.38,22.85
7035,Croatia,Maize,2013,65000,1113.0,1836.21,11.58
7036,Croatia,Potatoes,2013,158785,1113.0,1836.21,11.58
7037,Croatia,Sorghum,2013,50203,1113.0,1836.21,11.58
7038,Croatia,Soybeans,2013,23606,1113.0,1836.21,11.58
7039,Croatia,Wheat,2013,48846,1113.0,1836.21,11.58
7049,Denmark,Maize,2013,59141,703.0,4118.0,8.81
7050,Denmark,Potatoes,2013,415732,703.0,4118.0,8.81
7051,Denmark,Wheat,2013,72992,703.0,4118.0,8.81
7442,Dominican Republic,Cassava,2013,74585,1410.0,6316.61,26.51
7443,Dominican Republic,Cassava,2013,74585,1410.0,6316.61,26.88
7444,Dominican Republic,Maize,2013,15764,1410.0,6316.61,26.51
7445,Dominican Republic,Maize,2013,15764,1410.0,6316.61,26.88
7446,Dominican Republic,Plantains and others,2013,199939,1410.0,6316.61,26.51
7447,Dominican Republic,Plantains and others,2013,199939,1410.0,6316.61,26.88
7448,Dominican Republic,Potatoes,2013,256603,1410.0,6316.61,26.51
7449,Dominican Republic,Potatoes,2013,256603,1410.0,6316.61,26.88
7450,Dominican Republic,"Rice, paddy",2013,45123,1410.0,6316.61,26.51
7451,Dominican Republic,"Rice, paddy",2013,45123,1410.0,6316.61,26.88
7452,Dominican Republic,Sorghum,2013,15303,1410.0,6316.61,26.51
7453,Dominican Republic,Sorghum,2013,15303,1410.0,6316.61,26.88
7454,Dominican Republic,Sweet potatoes,2013,79812,1410.0,6316.61,26.51
7455,Dominican Republic,Sweet potatoes,2013,79812,1410.0,6316.61,26.88
7456,Dominican Republic,Yams,2013,63432,1410.0,6316.61,26.51
7457,Dominican Republic,Yams,2013,63432,1410.0,6316.61,26.88
8052,Ecuador,Cassava,2013,25112,2274.0,6471.77,21.69
8053,Ecuador,Cassava,2013,25112,2274.0,6471.77,17.28
8054,Ecuador,Cassava,2013,25112,2274.0,6471.77,21.94
8055,Ecuador,Maize,2013,23702,2274.0,6471.77,21.69
8056,Ecuador,Maize,2013,23702,2274.0,6471.77,17.28
8057,Ecuador,Maize,2013,23702,2274.0,6471.77,21.94
8058,Ecuador,Plantains and others,2013,49591,2274.0,6471.77,21.69
8059,Ecuador,Plantains and others,2013,49591,2274.0,6471.77,17.28
8060,Ecuador,Plantains and others,2013,49591,2274.0,6471.77,21.94
8061,Ecuador,Potatoes,2013,73131,2274.0,6471.77,21.69
8062,Ecuador,Potatoes,2013,73131,2274.0,6471.77,17.28
8063,Ecuador,Potatoes,2013,73131,2274.0,6471.77,21.94
8064,Ecuador,"Rice, paddy",2013,38210,2274.0,6471.77,21.69
8065,Ecuador,"Rice, paddy",2013,38210,2274.0,6471.77,17.28
8066,Ecuador,"Rice, paddy",2013,38210,2274.0,6471.77,21.94
8067,Ecuador,Sorghum,2013,15608,2274.0,6471.77,21.69
8068,Ecuador,Sorghum,2013,15608,2274.0,6471.77,17.28
8069,Ecuador,Sorghum,2013,15608,2274.0,6471.77,21.94
8070,Ecuador,Soybeans,2013,16585,2274.0,6471.77,21.69
8071,Ecuador,Soybeans,2013,16585,2274.0,6471.77,17.28
8072,Ecuador,Soybeans,2013,16585,2274.0,6471.77,21.94
8073,Ecuador,Sweet potatoes,2013,19113,2274.0,6471.77,21.69
8074,Ecuador,Sweet potatoes,2013,19113,2274.0,6471.77,17.28
8075,Ecuador,Sweet potatoes,2013,19113,2274.0,6471.77,21.94
8076,Ecuador,Wheat,2013,7064,2274.0,6471.77,21.69
8077,Ecuador,Wheat,2013,7064,2274.0,6471.77,17.28
8078,Ecuador,Wheat,2013,7064,2274.0,6471.77,21.94
8387,Egypt,Maize,2013,77223,51.0,13653.0,21.44
8388,Egypt,Maize,2013,77223,51.0,13653.0,22.91
8389,Egypt,Potatoes,2013,266276,51.0,13653.0,21.44
8390,Egypt,Potatoes,2013,266276,51.0,13653.0,22.91
8391,Egypt,"Rice, paddy",2013,95865,51.0,13653.0,21.44
8392,Egypt,"Rice, paddy",2013,95865,51.0,13653.0,22.91
8393,Egypt,Sorghum,2013,53777,51.0,13653.0,21.44
8394,Egypt,Sorghum,2013,53777,51.0,13653.0,22.91
8395,Egypt,Soybeans,2013,34767,51.0,13653.0,21.44
8396,Egypt,Soybeans,2013,34767,51.0,13653.0,22.91
8397,Egypt,Sweet potatoes,2013,336781,51.0,13653.0,21.44
8398,Egypt,Sweet potatoes,2013,336781,51.0,13653.0,22.91
8399,Egypt,Wheat,2013,66682,51.0,13653.0,21.44
8400,Egypt,Wheat,2013,66682,51.0,13653.0,22.91
8577,El Salvador,Cassava,2013,154928,1784.0,6005.08,26.36
8578,El Salvador,Maize,2013,29461,1784.0,6005.08,26.36
8579,El Salvador,Plantains and others,2013,153680,1784.0,6005.08,26.36
8580,El Salvador,Potatoes,2013,426047,1784.0,6005.08,26.36
8581,El Salvador,"Rice, paddy",2013,61615,1784.0,6005.08,26.36
8582,El Salvador,Sorghum,2013,16633,1784.0,6005.08,26.36
8583,El Salvador,Soybeans,2013,19231,1784.0,6005.08,26.36
8584,El Salvador,Sweet potatoes,2013,58333,1784.0,6005.08,26.36
8661,Eritrea,Maize,2013,10000,383.0,27.63,25.87
8662,Eritrea,Potatoes,2013,12819,383.0,27.63,25.87
8663,Eritrea,Sorghum,2013,1200,383.0,27.63,25.87
8664,Eritrea,Wheat,2013,12000,383.0,27.63,25.87
8705,Estonia,Potatoes,2013,193558,626.0,567.0,7.28
8706,Estonia,Wheat,2013,32754,626.0,567.0,7.28
8751,Finland,Potatoes,2013,281312,536.0,1475.39,6.17
8752,Finland,Wheat,2013,38215,536.0,1475.39,6.17
8885,France,Maize,2013,81592,867.0,66497.29,11.01
8886,France,Potatoes,2013,431560,867.0,66497.29,11.01
8887,France,"Rice, paddy",2013,39400,867.0,66497.29,11.01
8888,France,Sorghum,2013,54344,867.0,66497.29,11.01
8889,France,Soybeans,2013,25599,867.0,66497.29,11.01
8890,France,Wheat,2013,72656,867.0,66497.29,11.01
9149,Germany,Maize,2013,88276,700.0,43756.1,10.12
9150,Germany,Maize,2013,88276,700.0,43756.1,9.17
9151,Germany,Maize,2013,88276,700.0,43756.1,6.0
9152,Germany,Potatoes,2013,398258,700.0,43756.1,10.12
9153,Germany,Potatoes,2013,398258,700.0,43756.1,9.17
9154,Germany,Potatoes,2013,398258,700.0,43756.1,6.0
9155,Germany,Soybeans,2013,20000,700.0,43756.1,10.12
9156,Germany,Soybeans,2013,20000,700.0,43756.1,9.17
9157,Germany,Soybeans,2013,20000,700.0,43756.1,6.0
9158,Germany,Wheat,2013,79979,700.0,43756.1,10.12
9159,Germany,Wheat,2013,79979,700.0,43756.1,9.17
9160,Germany,Wheat,2013,79979,700.0,43756.1,6.0
9309,Ghana,Cassava,2013,182704,1187.0,378.97,27.24
9310,Ghana,Maize,2013,17240,1187.0,378.97,27.24
9311,Ghana,Plantains and others,2013,108397,1187.0,378.97,27.24
9312,Ghana,"Rice, paddy",2013,26378,1187.0,378.97,27.24
9313,Ghana,Sorghum,2013,11369,1187.0,378.97,27.24
9314,Ghana,Sweet potatoes,2013,18243,1187.0,378.97,27.24
9315,Ghana,Yams,2013,167820,1187.0,378.97,27.24
9470,Greece,Maize,2013,106689,652.0,8081.72,19.36
9471,Greece,Potatoes,2013,206787,652.0,8081.72,19.36
9472,Greece,"Rice, paddy",2013,83964,652.0,8081.72,19.36
9473,Greece,Sorghum,2013,26357,652.0,8081.72,19.36
9474,Greece,Soybeans,2013,27376,652.0,8081.72,19.36
9475,Greece,Sweet potatoes,2013,221642,652.0,8081.72,19.36
9476,Greece,Wheat,2013,27777,652.0,8081.72,19.36
9672,Guatemala,Cassava,2013,12450,1996.0,20489.4,20.37
9673,Guatemala,Maize,2013,20827,1996.0,20489.4,20.37
9674,Guatemala,Plantains and others,2013,179551,1996.0,20489.4,20.37
9675,Guatemala,Potatoes,2013,247554,1996.0,20489.4,20.37
9676,Guatemala,"Rice, paddy",2013,29387,1996.0,20489.4,20.37
9677,Guatemala,Sorghum,2013,17290,1996.0,20489.4,20.37
9678,Guatemala,Soybeans,2013,25333,1996.0,20489.4,20.37
9679,Guatemala,Sweet potatoes,2013,63636,1996.0,20489.4,20.37
9680,Guatemala,Wheat,2013,20240,1996.0,20489.4,20.37
9844,Guinea,Cassava,2013,69000,1651.0,877.19,27.29
9845,Guinea,Maize,2013,12500,1651.0,877.19,27.29
9846,Guinea,Plantains and others,2013,52200,1651.0,877.19,27.29
9847,Guinea,Potatoes,2013,75236,1651.0,877.19,27.29
9848,Guinea,"Rice, paddy",2013,12500,1651.0,877.19,27.29
9849,Guinea,Sorghum,2013,9592,1651.0,877.19,27.29
9850,Guinea,Sweet potatoes,2013,34607,1651.0,877.19,27.29
9851,Guinea,Yams,2013,113722,1651.0,877.19,27.29
9970,Guyana,Cassava,2013,109286,2387.0,358.72,27.3
9971,Guyana,Maize,2013,13841,2387.0,358.72,27.3
9972,Guyana,Plantains and others,2013,33143,2387.0,358.72,27.3
9973,Guyana,"Rice, paddy",2013,49996,2387.0,358.72,27.3
9974,Guyana,Sweet potatoes,2013,254655,2387.0,358.72,27.3
9975,Guyana,Yams,2013,55067,2387.0,358.72,27.3
10152,Haiti,Cassava,2013,44678,1440.0,27.85,27.2
10153,Haiti,Maize,2013,8545,1440.0,27.85,27.2
10154,Haiti,Plantains and others,2013,51436,1440.0,27.85,27.2
10155,Haiti,Potatoes,2013,127142,1440.0,27.85,27.2
10156,Haiti,"Rice, paddy",2013,28789,1440.0,27.85,27.2
10157,Haiti,Sorghum,2013,8529,1440.0,27.85,27.2
10158,Haiti,Sweet potatoes,2013,90938,1440.0,27.85,27.2
10159,Haiti,Yams,2013,110560,1440.0,27.85,27.2
10355,Honduras,Cassava,2013,76637,1976.0,7194.91,24.86
10356,Honduras,Maize,2013,16214,1976.0,7194.91,24.86
10357,Honduras,Plantains and others,2013,121433,1976.0,7194.91,24.86
10358,Honduras,Potatoes,2013,163465,1976.0,7194.91,24.86
10359,Honduras,"Rice, paddy",2013,61214,1976.0,7194.91,24.86
10360,Honduras,Sorghum,2013,11980,1976.0,7194.91,24.86
10361,Honduras,Soybeans,2013,20950,1976.0,7194.91,24.86
10362,Honduras,Sweet potatoes,2013,62500,1976.0,7194.91,24.86
10363,Honduras,Wheat,2013,5528,1976.0,7194.91,24.86
10496,Hungary,Maize,2013,54373,589.0,7744.5,12.44
10497,Hungary,Potatoes,2013,232630,589.0,7744.5,12.44
10498,Hungary,"Rice, paddy",2013,32727,589.0,7744.5,12.44
10499,Hungary,Sorghum,2013,27111,589.0,7744.5,12.44
10500,Hungary,Soybeans,2013,18597,589.0,7744.5,12.44
10501,Hungary,Wheat,2013,46386,589.0,7744.5,12.44
14374,India,Cassava,2013,349594,1083.0,45620.0,26.69
14375,India,Cassava,2013,349594,1083.0,45620.0,27.61
14376,India,Cassava,2013,349594,1083.0,45620.0,27.1
14377,India,Cassava,2013,349594,1083.0,45620.0,25.44
14378,India,Cassava,2013,349594,1083.0,45620.0,26.61
14379,India,Cassava,2013,349594,1083.0,45620.0,26.37
14380,India,Cassava,2013,349594,1083.0,45620.0,26.71
14381,India,Cassava,2013,349594,1083.0,45620.0,27.37
14382,India,Cassava,2013,349594,1083.0,45620.0,28.85
14383,India,Cassava,2013,349594,1083.0,45620.0,25.94
14384,India,Cassava,2013,349594,1083.0,45620.0,26.84
14385,India,Cassava,2013,349594,1083.0,45620.0,26.12
14386,India,Cassava,2013,349594,1083.0,45620.0,25.44
14387,India,Cassava,2013,349594,1083.0,45620.0,27.11
14388,India,Cassava,2013,349594,1083.0,45620.0,26.71
14389,India,Cassava,2013,349594,1083.0,45620.0,26.79
14390,India,Cassava,2013,349594,1083.0,45620.0,25.85
14391,India,Cassava,2013,349594,1083.0,45620.0,27.14
14392,India,Cassava,2013,349594,1083.0,45620.0,25.98
14393,India,Cassava,2013,349594,1083.0,45620.0,27.44
14394,India,Cassava,2013,349594,1083.0,45620.0,27.44
14395,India,Cassava,2013,349594,1083.0,45620.0,26.99
14396,India,Maize,2013,25726,1083.0,45620.0,26.69
14397,India,Maize,2013,25726,1083.0,45620.0,27.61
14398,India,Maize,2013,25726,1083.0,45620.0,27.1
14399,India,Maize,2013,25726,1083.0,45620.0,25.44
14400,India,Maize,2013,25726,1083.0,45620.0,26.61
14401,India,Maize,2013,25726,1083.0,45620.0,26.37
14402,India,Maize,2013,25726,1083.0,45620.0,26.71
14403,India,Maize,2013,25726,1083.0,45620.0,27.37
14404,India,Maize,2013,25726,1083.0,45620.0,28.85
14405,India,Maize,2013,25726,1083.0,45620.0,25.94
14406,India,Maize,2013,25726,1083.0,45620.0,26.84
14407,India,Maize,2013,25726,1083.0,45620.0,26.12
14408,India,Maize,2013,25726,1083.0,45620.0,25.44
14409,India,Maize,2013,25726,1083.0,45620.0,27.11
14410,India,Maize,2013,25726,1083.0,45620.0,26.71
14411,India,Maize,2013,25726,1083.0,45620.0,26.79
14412,India,Maize,2013,25726,1083.0,45620.0,25.85
14413,India,Maize,2013,25726,1083.0,45620.0,27.14
14414,India,Maize,2013,25726,1083.0,45620.0,25.98
14415,India,Maize,2013,25726,1083.0,45620.0,27.44
14416,India,Maize,2013,25726,1083.0,45620.0,27.44
14417,India,Maize,2013,25726,1083.0,45620.0,26.99
14418,India,Potatoes,2013,227606,1083.0,45620.0,26.69
14419,India,Potatoes,2013,227606,1083.0,45620.0,27.61
14420,India,Potatoes,2013,227606,1083.0,45620.0,27.1
14421,India,Potatoes,2013,227606,1083.0,45620.0,25.44
14422,India,Potatoes,2013,227606,1083.0,45620.0,26.61
14423,India,Potatoes,2013,227606,1083.0,45620.0,26.37
14424,India,Potatoes,2013,227606,1083.0,45620.0,26.71
14425,India,Potatoes,2013,227606,1083.0,45620.0,27.37
14426,India,Potatoes,2013,227606,1083.0,45620.0,28.85
14427,India,Potatoes,2013,227606,1083.0,45620.0,25.94
14428,India,Potatoes,2013,227606,1083.0,45620.0,26.84
14429,India,Potatoes,2013,227606,1083.0,45620.0,26.12
14430,India,Potatoes,2013,227606,1083.0,45620.0,25.44
14431,India,Potatoes,2013,227606,1083.0,45620.0,27.11
14432,India,Potatoes,2013,227606,1083.0,45620.0,26.71
14433,India,Potatoes,2013,227606,1083.0,45620.0,26.79
14434,India,Potatoes,2013,227606,1083.0,45620.0,25.85
14435,India,Potatoes,2013,227606,1083.0,45620.0,27.14
14436,India,Potatoes,2013,227606,1083.0,45620.0,25.98
14437,India,Potatoes,2013,227606,1083.0,45620.0,27.44
14438,India,Potatoes,2013,227606,1083.0,45620.0,27.44
14439,India,Potatoes,2013,227606,1083.0,45620.0,26.99
14440,India,"Rice, paddy",2013,36070,1083.0,45620.0,26.69
14441,India,"Rice, paddy",2013,36070,1083.0,45620.0,27.61
14442,India,"Rice, paddy",2013,36070,1083.0,45620.0,27.1
14443,India,"Rice, paddy",2013,36070,1083.0,45620.0,25.44
14444,India,"Rice, paddy",2013,36070,1083.0,45620.0,26.61
14445,India,"Rice, paddy",2013,36070,1083.0,45620.0,26.37
14446,India,"Rice, paddy",2013,36070,1083.0,45620.0,26.71
14447,India,"Rice, paddy",2013,36070,1083.0,45620.0,27.37
14448,India,"Rice, paddy",2013,36070,1083.0,45620.0,28.85
14449,India,"Rice, paddy",2013,36070,1083.0,45620.0,25.94
14450,India,"Rice, paddy",2013,36070,1083.0,45620.0,26.84
14451,India,"Rice, paddy",2013,36070,1083.0,45620.0,26.12
14452,India,"Rice, paddy",2013,36070,1083.0,45620.0,25.44
14453,India,"Rice, paddy",2013,36070,1083.0,45620.0,27.11
14454,India,"Rice, paddy",2013,36070,1083.0,45620.0,26.71
14455,India,"Rice, paddy",2013,36070,1083.0,45620.0,26.79
14456,India,"Rice, paddy",2013,36070,1083.0,45620.0,25.85
14457,India,"Rice, paddy",2013,36070,1083.0,45620.0,27.14
14458,India,"Rice, paddy",2013,36070,1083.0,45620.0,25.98
14459,India,"Rice, paddy",2013,36070,1083.0,45620.0,27.44
14460,India,"Rice, paddy",2013,36070,1083.0,45620.0,27.44
14461,India,"Rice, paddy",2013,36070,1083.0,45620.0,26.99
14462,India,Sorghum,2013,8502,1083.0,45620.0,26.69
14463,India,Sorghum,2013,8502,1083.0,45620.0,27.61
14464,India,Sorghum,2013,8502,1083.0,45620.0,27.1
14465,India,Sorghum,2013,8502,1083.0,45620.0,25.44
14466,India,Sorghum,2013,8502,1083.0,45620.0,26.61
14467,India,Sorghum,2013,8502,1083.0,45620.0,26.37
14468,India,Sorghum,2013,8502,1083.0,45620.0,26.71
14469,India,Sorghum,2013,8502,1083.0,45620.0,27.37
14470,India,Sorghum,2013,8502,1083.0,45620.0,28.85
14471,India,Sorghum,2013,8502,1083.0,45620.0,25.94
14472,India,Sorghum,2013,8502,1083.0,45620.0,26.84
14473,India,Sorghum,2013,8502,1083.0,45620.0,26.12
14474,India,Sorghum,2013,8502,1083.0,45620.0,25.44
14475,India,Sorghum,2013,8502,1083.0,45620.0,27.11
14476,India,Sorghum,2013,8502,1083.0,45620.0,26.71
14477,India,Sorghum,2013,8502,1083.0,45620.0,26.79
14478,India,Sorghum,2013,8502,1083.0,45620.0,25.85
14479,India,Sorghum,2013,8502,1083.0,45620.0,27.14
14480,India,Sorghum,2013,8502,1083.0,45620.0,25.98
14481,India,Sorghum,2013,8502,1083.0,45620.0,27.44
14482,India,Sorghum,2013,8502,1083.0,45620.0,27.44
14483,India,Sorghum,2013,8502,1083.0,45620.0,26.99
14484,India,Soybeans,2013,10123,1083.0,45620.0,26.69
14485,India,Soybeans,2013,10123,1083.0,45620.0,27.61
14486,India,Soybeans,2013,10123,1083.0,45620.0,27.1
14487,India,Soybeans,2013,10123,1083.0,45620.0,25.44
14488,India,Soybeans,2013,10123,1083.0,45620.0,26.61
14489,India,Soybeans,2013,10123,1083.0,45620.0,26.37
14490,India,Soybeans,2013,10123,1083.0,45620.0,26.71
14491,India,Soybeans,2013,10123,1083.0,45620.0,27.37
14492,India,Soybeans,2013,10123,1083.0,45620.0,28.85
14493,India,Soybeans,2013,10123,1083.0,45620.0,25.94
14494,India,Soybeans,2013,10123,1083.0,45620.0,26.84
14495,India,Soybeans,2013,10123,1083.0,45620.0,26.12
14496,India,Soybeans,2013,10123,1083.0,45620.0,25.44
14497,India,Soybeans,2013,10123,1083.0,45620.0,27.11
14498,India,Soybeans,2013,10123,1083.0,45620.0,26.71
14499,India,Soybeans,2013,10123,1083.0,45620.0,26.79
14500,India,Soybeans,2013,10123,1083.0,45620.0,25.85
14501,India,Soybeans,2013,10123,1083.0,45620.0,27.14
14502,India,Soybeans,2013,10123,1083.0,45620.0,25.98
14503,India,Soybeans,2013,10123,1083.0,45620.0,27.44
14504,India,Soybeans,2013,10123,1083.0,45620.0,27.44
14505,India,Soybeans,2013,10123,1083.0,45620.0,26.99
14506,India,Sweet potatoes,2013,101288,1083.0,45620.0,26.69
14507,India,Sweet potatoes,2013,101288,1083.0,45620.0,27.61
14508,India,Sweet potatoes,2013,101288,1083.0,45620.0,27.1
14509,India,Sweet potatoes,2013,101288,1083.0,45620.0,25.44
14510,India,Sweet potatoes,2013,101288,1083.0,45620.0,26.61
14511,India,Sweet potatoes,2013,101288,1083.0,45620.0,26.37
14512,India,Sweet potatoes,2013,101288,1083.0,45620.0,26.71
14513,India,Sweet potatoes,2013,101288,1083.0,45620.0,27.37
14514,India,Sweet potatoes,2013,101288,1083.0,45620.0,28.85
14515,India,Sweet potatoes,2013,101288,1083.0,45620.0,25.94
14516,India,Sweet potatoes,2013,101288,1083.0,45620.0,26.84
14517,India,Sweet potatoes,2013,101288,1083.0,45620.0,26.12
14518,India,Sweet potatoes,2013,101288,1083.0,45620.0,25.44
14519,India,Sweet potatoes,2013,101288,1083.0,45620.0,27.11
14520,India,Sweet potatoes,2013,101288,1083.0,45620.0,26.71
14521,India,Sweet potatoes,2013,101288,1083.0,45620.0,26.79
14522,India,Sweet potatoes,2013,101288,1083.0,45620.0,25.85
14523,India,Sweet potatoes,2013,101288,1083.0,45620.0,27.14
14524,India,Sweet potatoes,2013,101288,1083.0,45620.0,25.98
14525,India,Sweet potatoes,2013,101288,1083.0,45620.0,27.44
14526,India,Sweet potatoes,2013,101288,1083.0,45620.0,27.44
14527,India,Sweet potatoes,2013,101288,1083.0,45620.0,26.99
14528,India,Wheat,2013,31538,1083.0,45620.0,26.69
14529,India,Wheat,2013,31538,1083.0,45620.0,27.61
14530,India,Wheat,2013,31538,1083.0,45620.0,27.1
14531,India,Wheat,2013,31538,1083.0,45620.0,25.44
14532,India,Wheat,2013,31538,1083.0,45620.0,26.61
14533,India,Wheat,2013,31538,1083.0,45620.0,26.37
14534,India,Wheat,2013,31538,1083.0,45620.0,26.71
14535,India,Wheat,2013,31538,1083.0,45620.0,27.37
14536,India,Wheat,2013,31538,1083.0,45620.0,28.85
14537,India,Wheat,2013,31538,1083.0,45620.0,25.94
14538,India,Wheat,2013,31538,1083.0,45620.0,26.84
14539,India,Wheat,2013,31538,1083.0,45620.0,26.12
14540,India,Wheat,2013,31538,1083.0,45620.0,25.44
14541,India,Wheat,2013,31538,1083.0,45620.0,27.11
14542,India,Wheat,2013,31538,1083.0,45620.0,26.71
14543,India,Wheat,2013,31538,1083.0,45620.0,26.79
14544,India,Wheat,2013,31538,1083.0,45620.0,25.85
14545,India,Wheat,2013,31538,1083.0,45620.0,27.14
14546,India,Wheat,2013,31538,1083.0,45620.0,25.98
14547,India,Wheat,2013,31538,1083.0,45620.0,27.44
14548,India,Wheat,2013,31538,1083.0,45620.0,27.44
14549,India,Wheat,2013,31538,1083.0,45620.0,26.99
15342,Indonesia,Cassava,2013,224601,2702.0,1597.0,25.48
15343,Indonesia,Cassava,2013,224601,2702.0,1597.0,27.37
15344,Indonesia,Cassava,2013,224601,2702.0,1597.0,27.88
15345,Indonesia,Cassava,2013,224601,2702.0,1597.0,27.34
15346,Indonesia,Cassava,2013,224601,2702.0,1597.0,26.72
15347,Indonesia,Cassava,2013,224601,2702.0,1597.0,27.3
15348,Indonesia,Maize,2013,48441,2702.0,1597.0,25.48
15349,Indonesia,Maize,2013,48441,2702.0,1597.0,27.37
15350,Indonesia,Maize,2013,48441,2702.0,1597.0,27.88
15351,Indonesia,Maize,2013,48441,2702.0,1597.0,27.34
15352,Indonesia,Maize,2013,48441,2702.0,1597.0,26.72
15353,Indonesia,Maize,2013,48441,2702.0,1597.0,27.3
15354,Indonesia,Potatoes,2013,160184,2702.0,1597.0,25.48
15355,Indonesia,Potatoes,2013,160184,2702.0,1597.0,27.37
15356,Indonesia,Potatoes,2013,160184,2702.0,1597.0,27.88
15357,Indonesia,Potatoes,2013,160184,2702.0,1597.0,27.34
15358,Indonesia,Potatoes,2013,160184,2702.0,1597.0,26.72
15359,Indonesia,Potatoes,2013,160184,2702.0,1597.0,27.3
15360,Indonesia,"Rice, paddy",2013,51520,2702.0,1597.0,25.48
15361,Indonesia,"Rice, paddy",2013,51520,2702.0,1597.0,27.37
15362,Indonesia,"Rice, paddy",2013,51520,2702.0,1597.0,27.88
15363,Indonesia,"Rice, paddy",2013,51520,2702.0,1597.0,27.34
15364,Indonesia,"Rice, paddy",2013,51520,2702.0,1597.0,26.72
15365,Indonesia,"Rice, paddy",2013,51520,2702.0,1597.0,27.3
15366,Indonesia,Soybeans,2013,14161,2702.0,1597.0,25.48
15367,Indonesia,Soybeans,2013,14161,2702.0,1597.0,27.37
15368,Indonesia,Soybeans,2013,14161,2702.0,1597.0,27.88
15369,Indonesia,Soybeans,2013,14161,2702.0,1597.0,27.34
15370,Indonesia,Soybeans,2013,14161,2702.0,1597.0,26.72
15371,Indonesia,Soybeans,2013,14161,2702.0,1597.0,27.3
15372,Indonesia,Sweet potatoes,2013,147465,2702.0,1597.0,25.48
15373,Indonesia,Sweet potatoes,2013,147465,2702.0,1597.0,27.37
15374,Indonesia,Sweet potatoes,2013,147465,2702.0,1597.0,27.88
15375,Indonesia,Sweet potatoes,2013,147465,2702.0,1597.0,27.34
15376,Indonesia,Sweet potatoes,2013,147465,2702.0,1597.0,26.72
15377,Indonesia,Sweet potatoes,2013,147465,2702.0,1597.0,27.3
15642,Iraq,Maize,2013,42214,216.0,2162.6,25.14
15643,Iraq,Maize,2013,42214,216.0,2162.6,21.77
15644,Iraq,Potatoes,2013,170599,216.0,2162.6,25.14
15645,Iraq,Potatoes,2013,170599,216.0,2162.6,21.77
15646,Iraq,"Rice, paddy",2013,47162,216.0,2162.6,25.14
15647,Iraq,"Rice, paddy",2013,47162,216.0,2162.6,21.77
15648,Iraq,Sorghum,2013,19215,216.0,2162.6,25.14
15649,Iraq,Sorghum,2013,19215,216.0,2162.6,21.77
15650,Iraq,Soybeans,2013,8163,216.0,2162.6,25.14
15651,Iraq,Soybeans,2013,8163,216.0,2162.6,21.77
15652,Iraq,Wheat,2013,23068,216.0,2162.6,25.14
15653,Iraq,Wheat,2013,23068,216.0,2162.6,21.77
15698,Ireland,Potatoes,2013,383271,1118.0,2950.8,9.28
15699,Ireland,Wheat,2013,89983,1118.0,2950.8,9.28
16008,Italy,Maize,2013,86989,832.0,55633.0,8.04
16009,Italy,Maize,2013,86989,832.0,55633.0,13.6
16010,Italy,Potatoes,2013,252483,832.0,55633.0,8.04
16011,Italy,Potatoes,2013,252483,832.0,55633.0,13.6
16012,Italy,"Rice, paddy",2013,66342,832.0,55633.0,8.04
16013,Italy,"Rice, paddy",2013,66342,832.0,55633.0,13.6
16014,Italy,Sorghum,2013,62061,832.0,55633.0,8.04
16015,Italy,Sorghum,2013,62061,832.0,55633.0,13.6
16016,Italy,Soybeans,2013,33906,832.0,55633.0,8.04
16017,Italy,Soybeans,2013,33906,832.0,55633.0,13.6
16018,Italy,Sweet potatoes,2013,227753,832.0,55633.0,8.04
16019,Italy,Sweet potatoes,2013,227753,832.0,55633.0,13.6
16020,Italy,Wheat,2013,38441,832.0,55633.0,8.04
16021,Italy,Wheat,2013,38441,832.0,55633.0,13.6
16176,Jamaica,Cassava,2013,187795,2051.0,909.71,27.41
16177,Jamaica,Maize,2013,11883,2051.0,909.71,27.41
16178,Jamaica,Plantains and others,2013,184149,2051.0,909.71,27.41
16179,Jamaica,Potatoes,2013,165914,2051.0,909.71,27.41
16180,Jamaica,"Rice, paddy",2013,42000,2051.0,909.71,27.41
16181,Jamaica,Sweet potatoes,2013,172683,2051.0,909.71,27.41
16182,Jamaica,Yams,2013,165476,2051.0,909.71,27.41
17107,Japan,Maize,2013,27273,1668.0,52794.3,16.54
17108,Japan,Maize,2013,27273,1668.0,52794.3,13.91
17109,Japan,Maize,2013,27273,1668.0,52794.3,16.3
17110,Japan,Maize,2013,27273,1668.0,52794.3,16.0
17111,Japan,Maize,2013,27273,1668.0,52794.3,16.02
17112,Japan,Maize,2013,27273,1668.0,52794.3,13.91
17113,Japan,Potatoes,2013,302133,1668.0,52794.3,16.54
17114,Japan,Potatoes,2013,302133,1668.0,52794.3,13.91
17115,Japan,Potatoes,2013,302133,1668.0,52794.3,16.3
17116,Japan,Potatoes,2013,302133,1668.0,52794.3,16.0
17117,Japan,Potatoes,2013,302133,1668.0,52794.3,16.02
17118,Japan,Potatoes,2013,302133,1668.0,52794.3,13.91
17119,Japan,"Rice, paddy",2013,67280,1668.0,52794.3,16.54
17120,Japan,"Rice, paddy",2013,67280,1668.0,52794.3,13.91
17121,Japan,"Rice, paddy",2013,67280,1668.0,52794.3,16.3
17122,Japan,"Rice, paddy",2013,67280,1668.0,52794.3,16.0
17123,Japan,"Rice, paddy",2013,67280,1668.0,52794.3,16.02
17124,Japan,"Rice, paddy",2013,67280,1668.0,52794.3,13.91
17125,Japan,Soybeans,2013,15520,1668.0,52794.3,16.54
17126,Japan,Soybeans,2013,15520,1668.0,52794.3,13.91
17127,Japan,Soybeans,2013,15520,1668.0,52794.3,16.3
17128,Japan,Soybeans,2013,15520,1668.0,52794.3,16.0
17129,Japan,Soybeans,2013,15520,1668.0,52794.3,16.02
17130,Japan,Soybeans,2013,15520,1668.0,52794.3,13.91
17131,Japan,Sweet potatoes,2013,244119,1668.0,52794.3,16.54
17132,Japan,Sweet potatoes,2013,244119,1668.0,52794.3,13.91
17133,Japan,Sweet potatoes,2013,244119,1668.0,52794.3,16.3
17134,Japan,Sweet potatoes,2013,244119,1668.0,52794.3,16.0
17135,Japan,Sweet potatoes,2013,244119,1668.0,52794.3,16.02
17136,Japan,Sweet potatoes,2013,244119,1668.0,52794.3,13.91
17137,Japan,Wheat,2013,38616,1668.0,52794.3,16.54
17138,Japan,Wheat,2013,38616,1668.0,52794.3,13.91
17139,Japan,Wheat,2013,38616,1668.0,52794.3,16.3
17140,Japan,Wheat,2013,38616,1668.0,52794.3,16.0
17141,Japan,Wheat,2013,38616,1668.0,52794.3,16.02
17142,Japan,Wheat,2013,38616,1668.0,52794.3,13.91
17143,Japan,Yams,2013,217415,1668.0,52794.3,16.54
17144,Japan,Yams,2013,217415,1668.0,52794.3,13.91
17145,Japan,Yams,2013,217415,1668.0,52794.3,16.3
17146,Japan,Yams,2013,217415,1668.0,52794.3,16.0
17147,Japan,Yams,2013,217415,1668.0,52794.3,16.02
17148,Japan,Yams,2013,217415,1668.0,52794.3,13.91
17389,Kazakhstan,Maize,2013,52779,250.0,8738.38,8.71
17390,Kazakhstan,Maize,2013,52779,250.0,8738.38,5.49
17391,Kazakhstan,Potatoes,2013,181522,250.0,8738.38,8.71
17392,Kazakhstan,Potatoes,2013,181522,250.0,8738.38,5.49
17393,Kazakhstan,"Rice, paddy",2013,38500,250.0,8738.38,8.71
17394,Kazakhstan,"Rice, paddy",2013,38500,250.0,8738.38,5.49
17395,Kazakhstan,Sorghum,2013,2258,250.0,8738.38,8.71
17396,Kazakhstan,Sorghum,2013,2258,250.0,8738.38,5.49
17397,Kazakhstan,Soybeans,2013,19727,250.0,8738.38,8.71
17398,Kazakhstan,Soybeans,2013,19727,250.0,8738.38,5.49
17399,Kazakhstan,Wheat,2013,10762,250.0,8738.38,8.71
17400,Kazakhstan,Wheat,2013,10762,250.0,8738.38,5.49
17621,Kenya,Cassava,2013,142470,630.0,1578.0,16.91
17622,Kenya,Maize,2013,16922,630.0,1578.0,16.91
17623,Kenya,Plantains and others,2013,119231,630.0,1578.0,16.91
17624,Kenya,Potatoes,2013,144262,630.0,1578.0,16.91
17625,Kenya,"Rice, paddy",2013,39955,630.0,1578.0,16.91
17626,Kenya,Sorghum,2013,7550,630.0,1578.0,16.91
17627,Kenya,Soybeans,2013,12231,630.0,1578.0,16.91
17628,Kenya,Sweet potatoes,2013,124706,630.0,1578.0,16.91
17629,Kenya,Wheat,2013,27602,630.0,1578.0,16.91
17630,Kenya,Yams,2013,135962,630.0,1578.0,16.91
17671,Latvia,Potatoes,2013,181648,641.0,1250.0,7.25
17672,Latvia,Wheat,2013,38857,641.0,1250.0,7.25
17761,Lebanon,Maize,2013,35621,661.0,1816.0,20.08
17762,Lebanon,Potatoes,2013,260759,661.0,1816.0,20.08
17763,Lebanon,Sorghum,2013,20000,661.0,1816.0,20.08
17764,Lebanon,Wheat,2013,32122,661.0,1816.0,20.08
17853,Lesotho,Maize,2013,8227,788.0,62.32,14.03
17854,Lesotho,Potatoes,2013,173611,788.0,62.32,14.03
17855,Lesotho,Sorghum,2013,3051,788.0,62.32,14.03
17856,Lesotho,Wheat,2013,12345,788.0,62.32,14.03
17989,Libya,Maize,2013,20000,56.0,3548.0,19.93
17990,Libya,Maize,2013,20000,56.0,3548.0,20.78
17991,Libya,Potatoes,2013,196667,56.0,3548.0,19.93
17992,Libya,Potatoes,2013,196667,56.0,3548.0,20.78
17993,Libya,Wheat,2013,7955,56.0,3548.0,19.93
17994,Libya,Wheat,2013,7955,56.0,3548.0,20.78
18055,Lithuania,Maize,2013,73953,656.0,2515.69,7.42
18056,Lithuania,Potatoes,2013,148606,656.0,2515.69,7.42
18057,Lithuania,Wheat,2013,43022,656.0,2515.69,7.42
18234,Madagascar,Cassava,2013,77707,1513.0,507.94,19.34
18235,Madagascar,Maize,2013,16288,1513.0,507.94,19.34
18236,Madagascar,Potatoes,2013,59375,1513.0,507.94,19.34
18237,Madagascar,"Rice, paddy",2013,39449,1513.0,507.94,19.34
18238,Madagascar,Sorghum,2013,5652,1513.0,507.94,19.34
18239,Madagascar,Soybeans,2013,5867,1513.0,507.94,19.34
18240,Madagascar,Sweet potatoes,2013,77058,1513.0,507.94,19.34
18241,Madagascar,Wheat,2013,24122,1513.0,507.94,19.34
18405,Malawi,Cassava,2013,228041,1181.0,1500.27,19.68
18406,Malawi,Maize,2013,21708,1181.0,1500.27,19.68
18407,Malawi,Plantains and others,2013,100966,1181.0,1500.27,19.68
18408,Malawi,Potatoes,2013,175414,1181.0,1500.27,19.68
18409,Malawi,"Rice, paddy",2013,19174,1181.0,1500.27,19.68
18410,Malawi,Sorghum,2013,9647,1181.0,1500.27,19.68
18411,Malawi,Soybeans,2013,9791,1181.0,1500.27,19.68
18412,Malawi,Wheat,2013,14058,1181.0,1500.27,19.68
18502,Malaysia,Cassava,2013,155321,2875.0,61445.6,27.8
18503,Malaysia,Maize,2013,88991,2875.0,61445.6,27.8
18504,Malaysia,"Rice, paddy",2013,38763,2875.0,61445.6,27.8
18505,Malaysia,Sweet potatoes,2013,166824,2875.0,61445.6,27.8
18704,Mali,Cassava,2013,155621,282.0,1.52,28.53
18705,Mali,Maize,2013,25927,282.0,1.52,28.53
18706,Mali,Potatoes,2013,193555,282.0,1.52,28.53
18707,Mali,"Rice, paddy",2013,30009,282.0,1.52,28.53
18708,Mali,Sorghum,2013,11052,282.0,1.52,28.53
18709,Mali,Soybeans,2013,7219,282.0,1.52,28.53
18710,Mali,Sweet potatoes,2013,174581,282.0,1.52,28.53
18711,Mali,Wheat,2013,39754,282.0,1.52,28.53
18712,Mali,Yams,2013,206300,282.0,1.52,28.53
18867,Mauritania,Maize,2013,4731,92.0,26.41,28.24
18868,Mauritania,Potatoes,2013,62857,92.0,26.41,28.24
18869,Mauritania,"Rice, paddy",2013,49522,92.0,26.41,28.24
18870,Mauritania,Sorghum,2013,4843,92.0,26.41,28.24
18871,Mauritania,Sweet potatoes,2013,10000,92.0,26.41,28.24
18872,Mauritania,Wheat,2013,21172,92.0,26.41,28.24
18873,Mauritania,Yams,2013,61224,92.0,26.41,28.24
18970,Mauritius,Cassava,2013,137027,2041.0,671.77,24.31
18971,Mauritius,Maize,2013,67957,2041.0,671.77,24.31
18972,Mauritius,Potatoes,2013,236026,2041.0,671.77,24.31
18973,Mauritius,"Rice, paddy",2013,21250,2041.0,671.77,24.31
18974,Mauritius,Sweet potatoes,2013,133049,2041.0,671.77,24.31
20383,Mexico,Cassava,2013,146398,758.0,59920.18,17.34
20384,Mexico,Cassava,2013,146398,758.0,59920.18,22.19
20385,Mexico,Cassava,2013,146398,758.0,59920.18,25.36
20386,Mexico,Cassava,2013,146398,758.0,59920.18,21.86
20387,Mexico,Cassava,2013,146398,758.0,59920.18,24.19
20388,Mexico,Cassava,2013,146398,758.0,59920.18,20.45
20389,Mexico,Cassava,2013,146398,758.0,59920.18,17.18
20390,Mexico,Cassava,2013,146398,758.0,59920.18,22.19
20391,Mexico,Maize,2013,31941,758.0,59920.18,17.34
20392,Mexico,Maize,2013,31941,758.0,59920.18,22.19
20393,Mexico,Maize,2013,31941,758.0,59920.18,25.36
20394,Mexico,Maize,2013,31941,758.0,59920.18,21.86
20395,Mexico,Maize,2013,31941,758.0,59920.18,24.19
20396,Mexico,Maize,2013,31941,758.0,59920.18,20.45
20397,Mexico,Maize,2013,31941,758.0,59920.18,17.18
20398,Mexico,Maize,2013,31941,758.0,59920.18,22.19
20399,Mexico,Potatoes,2013,267752,758.0,59920.18,17.34
20400,Mexico,Potatoes,2013,267752,758.0,59920.18,22.19
20401,Mexico,Potatoes,2013,267752,758.0,59920.18,25.36
20402,Mexico,Potatoes,2013,267752,758.0,59920.18,21.86
20403,Mexico,Potatoes,2013,267752,758.0,59920.18,24.19
20404,Mexico,Potatoes,2013,267752,758.0,59920.18,20.45
20405,Mexico,Potatoes,2013,267752,758.0,59920.18,17.18
20406,Mexico,Potatoes,2013,267752,758.0,59920.18,22.19
20407,Mexico,"Rice, paddy",2013,54252,758.0,59920.18,17.34
20408,Mexico,"Rice, paddy",2013,54252,758.0,59920.18,22.19
20409,Mexico,"Rice, paddy",2013,54252,758.0,59920.18,25.36
20410,Mexico,"Rice, paddy",2013,54252,758.0,59920.18,21.86
20411,Mexico,"Rice, paddy",2013,54252,758.0,59920.18,24.19
20412,Mexico,"Rice, paddy",2013,54252,758.0,59920.18,20.45
20413,Mexico,"Rice, paddy",2013,54252,758.0,59920.18,17.18
20414,Mexico,"Rice, paddy",2013,54252,758.0,59920.18,22.19
20415,Mexico,Sorghum,2013,37350,758.0,59920.18,17.34
20416,Mexico,Sorghum,2013,37350,758.0,59920.18,22.19
20417,Mexico,Sorghum,2013,37350,758.0,59920.18,25.36
20418,Mexico,Sorghum,2013,37350,758.0,59920.18,21.86
20419,Mexico,Sorghum,2013,37350,758.0,59920.18,24.19
20420,Mexico,Sorghum,2013,37350,758.0,59920.18,20.45
20421,Mexico,Sorghum,2013,37350,758.0,59920.18,17.18
20422,Mexico,Sorghum,2013,37350,758.0,59920.18,22.19
20423,Mexico,Soybeans,2013,15198,758.0,59920.18,17.34
20424,Mexico,Soybeans,2013,15198,758.0,59920.18,22.19
20425,Mexico,Soybeans,2013,15198,758.0,59920.18,25.36
20426,Mexico,Soybeans,2013,15198,758.0,59920.18,21.86
20427,Mexico,Soybeans,2013,15198,758.0,59920.18,24.19
20428,Mexico,Soybeans,2013,15198,758.0,59920.18,20.45
20429,Mexico,Soybeans,2013,15198,758.0,59920.18,17.18
20430,Mexico,Soybeans,2013,15198,758.0,59920.18,22.19
20431,Mexico,Sweet potatoes,2013,183965,758.0,59920.18,17.34
20432,Mexico,Sweet potatoes,2013,183965,758.0,59920.18,22.19
20433,Mexico,Sweet potatoes,2013,183965,758.0,59920.18,25.36
20434,Mexico,Sweet potatoes,2013,183965,758.0,59920.18,21.86
20435,Mexico,Sweet potatoes,2013,183965,758.0,59920.18,24.19
20436,Mexico,Sweet potatoes,2013,183965,758.0,59920.18,20.45
20437,Mexico,Sweet potatoes,2013,183965,758.0,59920.18,17.18
20438,Mexico,Sweet potatoes,2013,183965,758.0,59920.18,22.19
20439,Mexico,Wheat,2013,52934,758.0,59920.18,17.34
20440,Mexico,Wheat,2013,52934,758.0,59920.18,22.19
20441,Mexico,Wheat,2013,52934,758.0,59920.18,25.36
20442,Mexico,Wheat,2013,52934,758.0,59920.18,21.86
20443,Mexico,Wheat,2013,52934,758.0,59920.18,24.19
20444,Mexico,Wheat,2013,52934,758.0,59920.18,20.45
20445,Mexico,Wheat,2013,52934,758.0,59920.18,17.18
20446,Mexico,Wheat,2013,52934,758.0,59920.18,22.19
20468,Montenegro,Maize,2013,51775,241.0,82.0,12.87
20469,Montenegro,Potatoes,2013,149004,241.0,82.0,12.87
20470,Montenegro,Wheat,2013,34357,241.0,82.0,12.87
20779,Morocco,Maize,2013,6632,346.0,13697.0,18.79
20780,Morocco,Maize,2013,6632,346.0,13697.0,18.62
20781,Morocco,Potatoes,2013,363561,346.0,13697.0,18.79
20782,Morocco,Potatoes,2013,363561,346.0,13697.0,18.62
20783,Morocco,"Rice, paddy",2013,75433,346.0,13697.0,18.79
20784,Morocco,"Rice, paddy",2013,75433,346.0,13697.0,18.62
20785,Morocco,Sorghum,2013,10637,346.0,13697.0,18.79
20786,Morocco,Sorghum,2013,10637,346.0,13697.0,18.62
20787,Morocco,Soybeans,2013,10000,346.0,13697.0,18.79
20788,Morocco,Soybeans,2013,10000,346.0,13697.0,18.62
20789,Morocco,Sweet potatoes,2013,245134,346.0,13697.0,18.79
20790,Morocco,Sweet potatoes,2013,245134,346.0,13697.0,18.62
20791,Morocco,Wheat,2013,21640,346.0,13697.0,18.79
20792,Morocco,Wheat,2013,21640,346.0,13697.0,18.62
20947,Mozambique,Cassava,2013,46115,1032.0,766.93,21.37
20948,Mozambique,Maize,2013,6814,1032.0,766.93,21.37
20949,Mozambique,Potatoes,2013,135526,1032.0,766.93,21.37
20950,Mozambique,"Rice, paddy",2013,2824,1032.0,766.93,21.37
20951,Mozambique,Sorghum,2013,3572,1032.0,766.93,21.37
20952,Mozambique,Sweet potatoes,2013,209796,1032.0,766.93,21.37
20953,Mozambique,Wheat,2013,10951,1032.0,766.93,21.37
21032,Namibia,Maize,2013,18683,285.0,56.0,20.73
21033,Namibia,Potatoes,2013,120727,285.0,56.0,20.73
21034,Namibia,Sorghum,2013,2860,285.0,56.0,20.73
21035,Namibia,Wheat,2013,62084,285.0,56.0,20.73
21146,Nepal,Maize,2013,23528,1500.0,454.53,15.79
21147,Nepal,Potatoes,2013,136408,1500.0,454.53,15.79
21148,Nepal,"Rice, paddy",2013,31709,1500.0,454.53,15.79
21149,Nepal,Soybeans,2013,11719,1500.0,454.53,15.79
21150,Nepal,Wheat,2013,22902,1500.0,454.53,15.79
21217,Netherlands,Maize,2013,119446,778.0,10720.17,9.54
21218,Netherlands,Potatoes,2013,422075,778.0,10720.17,9.54
21219,Netherlands,Wheat,2013,87412,778.0,10720.17,9.54
21308,New Zealand,Maize,2013,108209,1732.0,5086.0,13.57
21309,New Zealand,Potatoes,2013,482926,1732.0,5086.0,13.57
21310,New Zealand,Sweet potatoes,2013,113617,1732.0,5086.0,13.57
21311,New Zealand,Wheat,2013,91053,1732.0,5086.0,13.57
21487,Nicaragua,Cassava,2013,78931,2280.0,4413.82,27.26
21488,Nicaragua,Maize,2013,11809,2280.0,4413.82,27.26
21489,Nicaragua,Plantains and others,2013,110413,2280.0,4413.82,27.26
21490,Nicaragua,Potatoes,2013,170847,2280.0,4413.82,27.26
21491,Nicaragua,"Rice, paddy",2013,49680,2280.0,4413.82,27.26
21492,Nicaragua,Sorghum,2013,18259,2280.0,4413.82,27.26
21493,Nicaragua,Soybeans,2013,21034,2280.0,4413.82,27.26
21494,Nicaragua,Yams,2013,133333,2280.0,4413.82,27.26
21649,Niger,Cassava,2013,199719,151.0,21.37,30.42
21650,Niger,Maize,2013,12326,151.0,21.37,30.42
21651,Niger,Potatoes,2013,256815,151.0,21.37,30.42
21652,Niger,"Rice, paddy",2013,62834,151.0,21.37,30.42
21653,Niger,Sorghum,2013,3703,151.0,21.37,30.42
21654,Niger,Sweet potatoes,2013,211608,151.0,21.37,30.42
21655,Niger,Wheat,2013,30090,151.0,21.37,30.42
21700,Norway,Potatoes,2013,251702,1414.0,761.97,3.5
21701,Norway,Wheat,2013,38841,1414.0,761.97,3.5
23088,Pakistan,Maize,2013,42313,494.0,0.92,25.95
23089,Pakistan,Maize,2013,42313,494.0,0.92,24.27
23090,Pakistan,Maize,2013,42313,494.0,0.92,27.9
23091,Pakistan,Maize,2013,42313,494.0,0.92,24.27
23092,Pakistan,Maize,2013,42313,494.0,0.92,27.21
23093,Pakistan,Maize,2013,42313,494.0,0.92,25.95
23094,Pakistan,Maize,2013,42313,494.0,0.92,27.38
23095,Pakistan,Maize,2013,42313,494.0,0.92,19.98
23096,Pakistan,Maize,2013,42313,494.0,0.92,24.27
23097,Pakistan,Potatoes,2013,218059,494.0,0.92,25.95
23098,Pakistan,Potatoes,2013,218059,494.0,0.92,24.27
23099,Pakistan,Potatoes,2013,218059,494.0,0.92,27.9
23100,Pakistan,Potatoes,2013,218059,494.0,0.92,24.27
23101,Pakistan,Potatoes,2013,218059,494.0,0.92,27.21
23102,Pakistan,Potatoes,2013,218059,494.0,0.92,25.95
23103,Pakistan,Potatoes,2013,218059,494.0,0.92,27.38
23104,Pakistan,Potatoes,2013,218059,494.0,0.92,19.98
23105,Pakistan,Potatoes,2013,218059,494.0,0.92,24.27
23106,Pakistan,"Rice, paddy",2013,37528,494.0,0.92,25.95
23107,Pakistan,"Rice, paddy",2013,37528,494.0,0.92,24.27
23108,Pakistan,"Rice, paddy",2013,37528,494.0,0.92,27.9
23109,Pakistan,"Rice, paddy",2013,37528,494.0,0.92,24.27
23110,Pakistan,"Rice, paddy",2013,37528,494.0,0.92,27.21
23111,Pakistan,"Rice, paddy",2013,37528,494.0,0.92,25.95
23112,Pakistan,"Rice, paddy",2013,37528,494.0,0.92,27.38
23113,Pakistan,"Rice, paddy",2013,37528,494.0,0.92,19.98
23114,Pakistan,"Rice, paddy",2013,37528,494.0,0.92,24.27
23115,Pakistan,Sorghum,2013,5987,494.0,0.92,25.95
23116,Pakistan,Sorghum,2013,5987,494.0,0.92,24.27
23117,Pakistan,Sorghum,2013,5987,494.0,0.92,27.9
23118,Pakistan,Sorghum,2013,5987,494.0,0.92,24.27
23119,Pakistan,Sorghum,2013,5987,494.0,0.92,27.21
23120,Pakistan,Sorghum,2013,5987,494.0,0.92,25.95
23121,Pakistan,Sorghum,2013,5987,494.0,0.92,27.38
23122,Pakistan,Sorghum,2013,5987,494.0,0.92,19.98
23123,Pakistan,Sorghum,2013,5987,494.0,0.92,24.27
23124,Pakistan,Soybeans,2013,7222,494.0,0.92,25.95
23125,Pakistan,Soybeans,2013,7222,494.0,0.92,24.27
23126,Pakistan,Soybeans,2013,7222,494.0,0.92,27.9
23127,Pakistan,Soybeans,2013,7222,494.0,0.92,24.27
23128,Pakistan,Soybeans,2013,7222,494.0,0.92,27.21
23129,Pakistan,Soybeans,2013,7222,494.0,0.92,25.95
23130,Pakistan,Soybeans,2013,7222,494.0,0.92,27.38
23131,Pakistan,Soybeans,2013,7222,494.0,0.92,19.98
23132,Pakistan,Soybeans,2013,7222,494.0,0.92,24.27
23133,Pakistan,Sweet potatoes,2013,88711,494.0,0.92,25.95
23134,Pakistan,Sweet potatoes,2013,88711,494.0,0.92,24.27
23135,Pakistan,Sweet potatoes,2013,88711,494.0,0.92,27.9
23136,Pakistan,Sweet potatoes,2013,88711,494.0,0.92,24.27
23137,Pakistan,Sweet potatoes,2013,88711,494.0,0.92,27.21
23138,Pakistan,Sweet potatoes,2013,88711,494.0,0.92,25.95
23139,Pakistan,Sweet potatoes,2013,88711,494.0,0.92,27.38
23140,Pakistan,Sweet potatoes,2013,88711,494.0,0.92,19.98
23141,Pakistan,Sweet potatoes,2013,88711,494.0,0.92,24.27
23142,Pakistan,Wheat,2013,27957,494.0,0.92,25.95
23143,Pakistan,Wheat,2013,27957,494.0,0.92,24.27
23144,Pakistan,Wheat,2013,27957,494.0,0.92,27.9
23145,Pakistan,Wheat,2013,27957,494.0,0.92,24.27
23146,Pakistan,Wheat,2013,27957,494.0,0.92,27.21
23147,Pakistan,Wheat,2013,27957,494.0,0.92,25.95
23148,Pakistan,Wheat,2013,27957,494.0,0.92,27.38
23149,Pakistan,Wheat,2013,27957,494.0,0.92,19.98
23150,Pakistan,Wheat,2013,27957,494.0,0.92,24.27
23305,Papua New Guinea,Cassava,2013,98663,3142.0,105.0,25.44
23306,Papua New Guinea,Maize,2013,54545,3142.0,105.0,25.44
23307,Papua New Guinea,Potatoes,2013,61538,3142.0,105.0,25.44
23308,Papua New Guinea,"Rice, paddy",2013,20549,3142.0,105.0,25.44
23309,Papua New Guinea,Sorghum,2013,39020,3142.0,105.0,25.44
23310,Papua New Guinea,Sweet potatoes,2013,50887,3142.0,105.0,25.44
23311,Papua New Guinea,Yams,2013,175000,3142.0,105.0,25.44
23510,Peru,Cassava,2013,121025,1738.0,17942.97,17.0
23511,Peru,Maize,2013,32686,1738.0,17942.97,17.0
23512,Peru,Plantains and others,2013,128177,1738.0,17942.97,17.0
23513,Peru,Potatoes,2013,144125,1738.0,17942.97,17.0
23514,Peru,"Rice, paddy",2013,77112,1738.0,17942.97,17.0
23515,Peru,Sorghum,2013,38171,1738.0,17942.97,17.0
23516,Peru,Soybeans,2013,17893,1738.0,17942.97,17.0
23517,Peru,Sweet potatoes,2013,183363,1738.0,17942.97,17.0
23518,Peru,Wheat,2013,14976,1738.0,17942.97,17.0
23594,Poland,Maize,2013,65761,600.0,22204.46,9.32
23595,Poland,Potatoes,2013,210624,600.0,22204.46,9.32
23596,Poland,Wheat,2013,44367,600.0,22204.46,9.32
23729,Portugal,Maize,2013,83149,854.0,10126.8,16.77
23730,Portugal,Potatoes,2013,182243,854.0,10126.8,16.77
23731,Portugal,"Rice, paddy",2013,59699,854.0,10126.8,16.77
23732,Portugal,Sweet potatoes,2013,224367,854.0,10126.8,16.77
23733,Portugal,Wheat,2013,17635,854.0,10126.8,16.77
23734,Portugal,Yams,2013,169492,854.0,10126.8,16.77
23801,Qatar,Maize,2013,124845,74.0,68.0,28.68
23802,Qatar,Potatoes,2013,109298,74.0,68.0,28.68
23803,Qatar,Wheat,2013,22632,74.0,68.0,28.68
23936,Romania,Maize,2013,44941,637.0,6947.9,13.94
23937,Romania,Potatoes,2013,158462,637.0,6947.9,13.94
23938,Romania,"Rice, paddy",2013,47194,637.0,6947.9,13.94
23939,Romania,Sorghum,2013,23726,637.0,6947.9,13.94
23940,Romania,Soybeans,2013,22242,637.0,6947.9,13.94
23941,Romania,Wheat,2013,34786,637.0,6947.9,13.94
24140,Rwanda,Cassava,2013,157657,1212.0,1841.5,19.93
24141,Rwanda,Maize,2013,22845,1212.0,1841.5,19.93
24142,Rwanda,Potatoes,2013,136056,1212.0,1841.5,19.93
24143,Rwanda,"Rice, paddy",2013,53362,1212.0,1841.5,19.93
24144,Rwanda,Sorghum,2013,14433,1212.0,1841.5,19.93
24145,Rwanda,Soybeans,2013,6755,1212.0,1841.5,19.93
24146,Rwanda,Sweet potatoes,2013,96163,1212.0,1841.5,19.93
24147,Rwanda,Wheat,2013,19924,1212.0,1841.5,19.93
24148,Rwanda,Yams,2013,154700,1212.0,1841.5,19.93
24325,Saudi Arabia,Maize,2013,61024,59.0,5412.5,27.57
24326,Saudi Arabia,Maize,2013,61024,59.0,5412.5,27.78
24327,Saudi Arabia,Potatoes,2013,256547,59.0,5412.5,27.57
24328,Saudi Arabia,Potatoes,2013,256547,59.0,5412.5,27.78
24329,Saudi Arabia,Sorghum,2013,26199,59.0,5412.5,27.57
24330,Saudi Arabia,Sorghum,2013,26199,59.0,5412.5,27.78
24331,Saudi Arabia,Wheat,2013,64333,59.0,5412.5,27.57
24332,Saudi Arabia,Wheat,2013,64333,59.0,5412.5,27.78
24465,Senegal,Cassava,2013,69978,686.0,722.53,24.7
24466,Senegal,Maize,2013,14428,686.0,722.53,24.7
24467,Senegal,Potatoes,2013,225885,686.0,722.53,24.7
24468,Senegal,"Rice, paddy",2013,40181,686.0,722.53,24.7
24469,Senegal,Sorghum,2013,8458,686.0,722.53,24.7
24470,Senegal,Sweet potatoes,2013,352871,686.0,722.53,24.7
24551,Slovenia,Maize,2013,54145,1162.0,917.49,11.58
24552,Slovenia,Potatoes,2013,187950,1162.0,917.49,11.58
24553,Slovenia,Soybeans,2013,16655,1162.0,917.49,11.58
24554,Slovenia,Wheat,2013,43528,1162.0,917.49,11.58
25171,South Africa,Maize,2013,42466,495.0,26857.0,21.31
25172,South Africa,Maize,2013,42466,495.0,26857.0,14.98
25173,South Africa,Maize,2013,42466,495.0,26857.0,18.0
25174,South Africa,Maize,2013,42466,495.0,26857.0,14.98
25175,South Africa,Potatoes,2013,353546,495.0,26857.0,21.31
25176,South Africa,Potatoes,2013,353546,495.0,26857.0,14.98
25177,South Africa,Potatoes,2013,353546,495.0,26857.0,18.0
25178,South Africa,Potatoes,2013,353546,495.0,26857.0,14.98
25179,South Africa,"Rice, paddy",2013,26087,495.0,26857.0,21.31
25180,South Africa,"Rice, paddy",2013,26087,495.0,26857.0,14.98
25181,South Africa,"Rice, paddy",2013,26087,495.0,26857.0,18.0
25182,South Africa,"Rice, paddy",2013,26087,495.0,26857.0,14.98
25183,South Africa,Sorghum,2013,23507,495.0,26857.0,21.31
25184,South Africa,Sorghum,2013,23507,495.0,26857.0,14.98
25185,South Africa,Sorghum,2013,23507,495.0,26857.0,18.0
25186,South Africa,Sorghum,2013,23507,495.0,26857.0,14.98
25187,South Africa,Soybeans,2013,15189,495.0,26857.0,21.31
25188,South Africa,Soybeans,2013,15189,495.0,26857.0,14.98
25189,South Africa,Soybeans,2013,15189,495.0,26857.0,18.0
25190,South Africa,Soybeans,2013,15189,495.0,26857.0,14.98
25191,South Africa,Sweet potatoes,2013,29812,495.0,26857.0,21.31
25192,South Africa,Sweet potatoes,2013,29812,495.0,26857.0,14.98
25193,South Africa,Sweet potatoes,2013,29812,495.0,26857.0,18.0
25194,South Africa,Sweet potatoes,2013,29812,495.0,26857.0,14.98
25195,South Africa,Wheat,2013,36993,495.0,26857.0,21.31
25196,South Africa,Wheat,2013,36993,495.0,26857.0,14.98
25197,South Africa,Wheat,2013,36993,495.0,26857.0,18.0
25198,South Africa,Wheat,2013,36993,495.0,26857.0,14.98
25661,Spain,Maize,2013,110445,636.0,54197.0,17.0
25662,Spain,Maize,2013,110445,636.0,54197.0,12.68
25663,Spain,Maize,2013,110445,636.0,54197.0,17.46
25664,Spain,Potatoes,2013,309367,636.0,54197.0,17.0
25665,Spain,Potatoes,2013,309367,636.0,54197.0,12.68
25666,Spain,Potatoes,2013,309367,636.0,54197.0,17.46
25667,Spain,"Rice, paddy",2013,77902,636.0,54197.0,17.0
25668,Spain,"Rice, paddy",2013,77902,636.0,54197.0,12.68
25669,Spain,"Rice, paddy",2013,77902,636.0,54197.0,17.46
25670,Spain,Sorghum,2013,50111,636.0,54197.0,17.0
25671,Spain,Sorghum,2013,50111,636.0,54197.0,12.68
25672,Spain,Sorghum,2013,50111,636.0,54197.0,17.46
25673,Spain,Soybeans,2013,28000,636.0,54197.0,17.0
25674,Spain,Soybeans,2013,28000,636.0,54197.0,12.68
25675,Spain,Soybeans,2013,28000,636.0,54197.0,17.46
25676,Spain,Sweet potatoes,2013,161919,636.0,54197.0,17.0
25677,Spain,Sweet potatoes,2013,161919,636.0,54197.0,12.68
25678,Spain,Sweet potatoes,2013,161919,636.0,54197.0,17.46
25679,Spain,Wheat,2013,36447,636.0,54197.0,17.0
25680,Spain,Wheat,2013,36447,636.0,54197.0,12.68
25681,Spain,Wheat,2013,36447,636.0,54197.0,17.46
25858,Sri Lanka,Cassava,2013,126527,1712.0,1235.31,27.03
25859,Sri Lanka,Maize,2013,30868,1712.0,1235.31,27.03
25860,Sri Lanka,Plantains and others,2013,114222,1712.0,1235.31,27.03
25861,Sri Lanka,Potatoes,2013,153210,1712.0,1235.31,27.03
25862,Sri Lanka,"Rice, paddy",2013,38897,1712.0,1235.31,27.03
25863,Sri Lanka,Sorghum,2013,14227,1712.0,1235.31,27.03
25864,Sri Lanka,Soybeans,2013,16955,1712.0,1235.31,27.03
25865,Sri Lanka,Sweet potatoes,2013,93002,1712.0,1235.31,27.03
25880,Sudan,Maize,2013,15997,1712.0,2469.47,26.84
25881,Sudan,Maize,2013,15997,1712.0,2469.47,30.65
25882,Sudan,Potatoes,2013,166669,1712.0,2469.47,26.84
25883,Sudan,Potatoes,2013,166669,1712.0,2469.47,30.65
25884,Sudan,"Rice, paddy",2013,33060,1712.0,2469.47,26.84
25885,Sudan,"Rice, paddy",2013,33060,1712.0,2469.47,30.65
25886,Sudan,Sorghum,2013,6390,1712.0,2469.47,26.84
25887,Sudan,Sorghum,2013,6390,1712.0,2469.47,30.65
25888,Sudan,Sweet potatoes,2013,213626,1712.0,2469.47,26.84
25889,Sudan,Sweet potatoes,2013,213626,1712.0,2469.47,30.65
25890,Sudan,Wheat,2013,19534,1712.0,2469.47,26.84
25891,Sudan,Wheat,2013,19534,1712.0,2469.47,30.65
25892,Sudan,Yams,2013,21053,1712.0,2469.47,26.84
25893,Sudan,Yams,2013,21053,1712.0,2469.47,30.65
26026,Suriname,Cassava,2013,298608,2331.0,537.49,27.17
26027,Suriname,Maize,2013,24737,2331.0,537.49,27.17
26028,Suriname,Plantains and others,2013,307428,2331.0,537.49,27.17
26029,Suriname,"Rice, paddy",2013,44965,2331.0,537.49,27.17
26030,Suriname,Soybeans,2013,10000,2331.0,537.49,27.17
26031,Suriname,Sweet potatoes,2013,169487,2331.0,537.49,27.17
26076,Sweden,Potatoes,2013,337563,624.0,1620.0,7.1
26077,Sweden,Wheat,2013,57792,624.0,1620.0,7.1
26166,Switzerland,Maize,2013,100837,1537.0,2098.5,7.94
26167,Switzerland,Potatoes,2013,325935,1537.0,2098.5,7.94
26168,Switzerland,Soybeans,2013,25252,1537.0,2098.5,7.94
26169,Switzerland,Wheat,2013,53834,1537.0,2098.5,7.94
26289,Tajikistan,Maize,2013,124827,691.0,264.6,10.1
26290,Tajikistan,Potatoes,2013,251396,691.0,264.6,10.1
26291,Tajikistan,"Rice, paddy",2013,66592,691.0,264.6,10.1
26292,Tajikistan,Sorghum,2013,34000,691.0,264.6,10.1
26293,Tajikistan,Soybeans,2013,3273,691.0,264.6,10.1
26294,Tajikistan,Wheat,2013,29735,691.0,264.6,10.1
26449,Thailand,Cassava,2013,218232,1622.0,8136.0,28.98
26450,Thailand,Maize,2013,42242,1622.0,8136.0,28.98
26451,Thailand,Potatoes,2013,150014,1622.0,8136.0,28.98
26452,Thailand,"Rice, paddy",2013,31463,1622.0,8136.0,28.98
26453,Thailand,Sorghum,2013,19061,1622.0,8136.0,28.98
26454,Thailand,Soybeans,2013,17308,1622.0,8136.0,28.98
26455,Thailand,Wheat,2013,12500,1622.0,8136.0,28.98
26522,Tunisia,Potatoes,2013,160417,207.0,422.24,20.0
26523,Tunisia,Sorghum,2013,5106,207.0,422.24,20.0
26524,Tunisia,Wheat,2013,14614,207.0,422.24,20.0
27120,Turkey,Maize,2013,89499,593.0,39440.0,20.22
27121,Turkey,Maize,2013,89499,593.0,39440.0,13.27
27122,Turkey,Maize,2013,89499,593.0,39440.0,14.07
27123,Turkey,Maize,2013,89499,593.0,39440.0,16.02
27124,Turkey,Maize,2013,89499,593.0,39440.0,19.21
27125,Turkey,Potatoes,2013,315329,593.0,39440.0,20.22
27126,Turkey,Potatoes,2013,315329,593.0,39440.0,13.27
27127,Turkey,Potatoes,2013,315329,593.0,39440.0,14.07
27128,Turkey,Potatoes,2013,315329,593.0,39440.0,16.02
27129,Turkey,Potatoes,2013,315329,593.0,39440.0,19.21
27130,Turkey,"Rice, paddy",2013,81380,593.0,39440.0,20.22
27131,Turkey,"Rice, paddy",2013,81380,593.0,39440.0,13.27
27132,Turkey,"Rice, paddy",2013,81380,593.0,39440.0,14.07
27133,Turkey,"Rice, paddy",2013,81380,593.0,39440.0,16.02
27134,Turkey,"Rice, paddy",2013,81380,593.0,39440.0,19.21
27135,Turkey,Sorghum,2013,26544,593.0,39440.0,20.22
27136,Turkey,Sorghum,2013,26544,593.0,39440.0,13.27
27137,Turkey,Sorghum,2013,26544,593.0,39440.0,14.07
27138,Turkey,Sorghum,2013,26544,593.0,39440.0,16.02
27139,Turkey,Sorghum,2013,26544,593.0,39440.0,19.21
27140,Turkey,Soybeans,2013,41609,593.0,39440.0,20.22
27141,Turkey,Soybeans,2013,41609,593.0,39440.0,13.27
27142,Turkey,Soybeans,2013,41609,593.0,39440.0,14.07
27143,Turkey,Soybeans,2013,41609,593.0,39440.0,16.02
27144,Turkey,Soybeans,2013,41609,593.0,39440.0,19.21
27145,Turkey,Wheat,2013,28451,593.0,39440.0,20.22
27146,Turkey,Wheat,2013,28451,593.0,39440.0,13.27
27147,Turkey,Wheat,2013,28451,593.0,39440.0,14.07
27148,Turkey,Wheat,2013,28451,593.0,39440.0,16.02
27149,Turkey,Wheat,2013,28451,593.0,39440.0,19.21
27348,Uganda,Cassava,2013,35006,1180.0,88.0,24.13
27349,Uganda,Maize,2013,24949,1180.0,88.0,24.13
27350,Uganda,Plantains and others,2013,45000,1180.0,88.0,24.13
27351,Uganda,Potatoes,2013,45013,1180.0,88.0,24.13
27352,Uganda,"Rice, paddy",2013,23011,1180.0,88.0,24.13
27353,Uganda,Sorghum,2013,8016,1180.0,88.0,24.13
27354,Uganda,Soybeans,2013,5000,1180.0,88.0,24.13
27355,Uganda,Sweet potatoes,2013,40059,1180.0,88.0,24.13
27356,Uganda,Wheat,2013,14286,1180.0,88.0,24.13
27477,Ukraine,Maize,2013,64119,565.0,86781.8,10.33
27478,Ukraine,Potatoes,2013,159664,565.0,86781.8,10.33
27479,Ukraine,"Rice, paddy",2013,59938,565.0,86781.8,10.33
27480,Ukraine,Sorghum,2013,27409,565.0,86781.8,10.33
27481,Ukraine,Soybeans,2013,20535,565.0,86781.8,10.33
27482,Ukraine,Wheat,2013,33931,565.0,86781.8,10.33
27703,United Kingdom,Potatoes,2013,408993,1220.0,17673.46,8.76
27704,United Kingdom,Potatoes,2013,408993,1220.0,17673.46,9.57
27705,United Kingdom,Potatoes,2013,408993,1220.0,17673.46,9.57
27706,United Kingdom,Potatoes,2013,408993,1220.0,17673.46,8.39
27707,United Kingdom,Potatoes,2013,408993,1220.0,17673.46,9.91
27708,United Kingdom,Wheat,2013,73838,1220.0,17673.46,8.76
27709,United Kingdom,Wheat,2013,73838,1220.0,17673.46,9.57
27710,United Kingdom,Wheat,2013,73838,1220.0,17673.46,9.57
27711,United Kingdom,Wheat,2013,73838,1220.0,17673.46,8.39
27712,United Kingdom,Wheat,2013,73838,1220.0,17673.46,9.91
27867,Uruguay,Maize,2013,56309,1300.0,19028.6,15.92
27868,Uruguay,Potatoes,2013,224434,1300.0,19028.6,15.92
27869,Uruguay,"Rice, paddy",2013,78812,1300.0,19028.6,15.92
27870,Uruguay,Sorghum,2013,42653,1300.0,19028.6,15.92
27871,Uruguay,Soybeans,2013,26333,1300.0,19028.6,15.92
27872,Uruguay,Sweet potatoes,2013,93902,1300.0,19028.6,15.92
27873,Uruguay,Wheat,2013,33177,1300.0,19028.6,15.92
28050,Zambia,Cassava,2013,58248,1020.0,1670.0,20.14
28051,Zambia,Maize,2013,25382,1020.0,1670.0,20.14
28052,Zambia,Potatoes,2013,158337,1020.0,1670.0,20.14
28053,Zambia,"Rice, paddy",2013,11617,1020.0,1670.0,20.14
28054,Zambia,Sorghum,2013,6478,1020.0,1670.0,20.14
28055,Zambia,Soybeans,2013,20909,1020.0,1670.0,20.14
28056,Zambia,Sweet potatoes,2013,38873,1020.0,1670.0,20.14
28057,Zambia,Wheat,2013,65435,1020.0,1670.0,20.14
28234,Zimbabwe,Cassava,2013,46000,657.0,2550.07,19.76
28235,Zimbabwe,Maize,2013,7449,657.0,2550.07,19.76
28236,Zimbabwe,Potatoes,2013,165714,657.0,2550.07,19.76
28237,Zimbabwe,"Rice, paddy",2013,22581,657.0,2550.07,19.76
28238,Zimbabwe,Sorghum,2013,3066,657.0,2550.07,19.76
28239,Zimbabwe,Soybeans,2013,13142,657.0,2550.07,19.76
28240,Zimbabwe,Sweet potatoes,2013,22222,657.0,2550.07,19.76
28241,Zimbabwe,Wheat,2013,22888,657.0,2550.07,19.76
